route_id,rep,latency_us
amaru.observe-metric,0,416.705
amaru.observe-metric,1,453.282
amaru.observe-metric,2,419.797
amaru.observe-metric,3,442.533
amaru.observe-metric,4,405.627
amaru.observe-metric,5,438.357
amaru.observe-metric,6,501.522
amaru.observe-metric,7,439.815
amaru.observe-metric,8,411.839
amaru.observe-metric,9,450.623
amaru.observe-metric,10,402.22
amaru.observe-metric,11,407.607
amaru.observe-metric,12,444.481
amaru.observe-metric,13,861.758
amaru.observe-metric,14,559.609
amaru.observe-metric,15,549.571
amaru.observe-metric,16,520.559
amaru.observe-metric,17,493.727
amaru.observe-metric,18,510.942
amaru.observe-metric,19,471.002
amaru.observe-metric,20,512.404
amaru.observe-metric,21,500.265
amaru.observe-metric,22,480.567
amaru.observe-metric,23,447.755
amaru.observe-metric,24,477.598
amaru.observe-metric,25,436.285
amaru.observe-metric,26,482.083
amaru.observe-metric,27,427.969
amaru.observe-metric,28,476.503
amaru.observe-metric,29,464.567
amaru.observe-metric,30,456.305
amaru.observe-metric,31,408.895
amaru.observe-metric,32,459.0
amaru.observe-metric,33,404.299
amaru.observe-metric,34,399.023
amaru.observe-metric,35,441.16
amaru.observe-metric,36,416.103
amaru.observe-metric,37,522.954
amaru.observe-metric,38,413.528
amaru.observe-metric,39,428.141
amaru.observe-metric,40,399.232
amaru.observe-metric,41,454.913
amaru.observe-metric,42,411.919
amaru.observe-metric,43,430.099
amaru.observe-metric,44,421.291
amaru.observe-metric,45,403.883
amaru.observe-metric,46,497.278
amaru.observe-metric,47,414.371
amaru.observe-metric,48,414.837
amaru.observe-metric,49,414.458
amaru.observe-metric,50,448.774
amaru.observe-metric,51,476.694
amaru.observe-metric,52,488.344
amaru.observe-metric,53,429.398
amaru.observe-metric,54,492.627
amaru.observe-metric,55,416.248
amaru.observe-metric,56,432.029
amaru.observe-metric,57,404.002
amaru.observe-metric,58,444.768
amaru.observe-metric,59,403.713
amaru.observe-metric,60,440.034
amaru.observe-metric,61,402.794
amaru.observe-metric,62,399.851
amaru.observe-metric,63,481.895
amaru.observe-metric,64,409.721
amaru.observe-metric,65,742.607
amaru.observe-metric,66,607.593
amaru.observe-metric,67,500.841
amaru.observe-metric,68,541.48
amaru.observe-metric,69,619.782
amaru.observe-metric,70,628.342
amaru.observe-metric,71,601.684
amaru.observe-metric,72,716.038
amaru.observe-metric,73,604.93
amaru.observe-metric,74,714.658
amaru.observe-metric,75,714.43
amaru.observe-metric,76,548.559
amaru.observe-metric,77,532.338
amaru.observe-metric,78,520.346
amaru.observe-metric,79,490.575
amaru.observe-metric,80,520.882
amaru.observe-metric,81,492.89
amaru.observe-metric,82,769.7
amaru.observe-metric,83,722.661
amaru.observe-metric,84,646.195
amaru.observe-metric,85,572.03
amaru.observe-metric,86,556.471
amaru.observe-metric,87,499.547
amaru.observe-metric,88,578.341
amaru.observe-metric,89,569.548
amaru.observe-metric,90,525.422
amaru.observe-metric,91,500.658
amaru.observe-metric,92,482.882
amaru.observe-metric,93,741.869
amaru.observe-metric,94,723.585
amaru.observe-metric,95,616.633
amaru.observe-metric,96,584.271
amaru.observe-metric,97,627.059
amaru.observe-metric,98,516.518
amaru.observe-metric,99,537.003
amaru.observe-metric,100,473.781
amaru.observe-metric,101,555.468
amaru.observe-metric,102,487.245
amaru.observe-metric,103,526.228
amaru.observe-metric,104,449.775
amaru.observe-metric,105,474.818
amaru.observe-metric,106,426.099
amaru.observe-metric,107,482.481
amaru.observe-metric,108,432.226
amaru.observe-metric,109,552.813
amaru.observe-metric,110,463.759
amaru.observe-metric,111,469.063
amaru.observe-metric,112,413.134
amaru.observe-metric,113,449.314
amaru.observe-metric,114,410.526
amaru.observe-metric,115,436.225
amaru.observe-metric,116,404.732
amaru.observe-metric,117,449.256
amaru.observe-metric,118,909.685
amaru.observe-metric,119,606.809
amaru.observe-metric,120,539.339
amaru.observe-metric,121,487.491
amaru.observe-metric,122,590.159
amaru.observe-metric,123,543.744
amaru.observe-metric,124,504.126
amaru.observe-metric,125,492.392
amaru.observe-metric,126,506.396
amaru.observe-metric,127,493.407
amaru.observe-metric,128,443.597
amaru.observe-metric,129,477.705
amaru.observe-metric,130,415.689
amaru.observe-metric,131,452.205
amaru.observe-metric,132,478.252
amaru.observe-metric,133,446.489
amaru.observe-metric,134,427.425
amaru.observe-metric,135,436.488
amaru.observe-metric,136,397.785
amaru.observe-metric,137,394.845
amaru.observe-metric,138,429.59
amaru.observe-metric,139,413.52
amaru.observe-metric,140,553.46
amaru.observe-metric,141,660.697
amaru.observe-metric,142,528.014
amaru.observe-metric,143,501.059
amaru.observe-metric,144,573.083
amaru.observe-metric,145,497.653
amaru.observe-metric,146,435.678
amaru.observe-metric,147,528.594
amaru.observe-metric,148,423.821
amaru.observe-metric,149,443.804
amaru.observe-metric,150,416.275
amaru.observe-metric,151,448.554
amaru.observe-metric,152,406.625
amaru.observe-metric,153,436.36
amaru.observe-metric,154,414.393
amaru.observe-metric,155,468.131
amaru.observe-metric,156,650.199
amaru.observe-metric,157,589.808
amaru.observe-metric,158,490.414
amaru.observe-metric,159,493.022
amaru.observe-metric,160,450.368
amaru.observe-metric,161,499.698
amaru.observe-metric,162,434.355
amaru.observe-metric,163,574.856
amaru.observe-metric,164,483.535
amaru.observe-metric,165,443.541
amaru.observe-metric,166,813.655
amaru.observe-metric,167,677.432
amaru.observe-metric,168,509.137
amaru.observe-metric,169,506.231
amaru.observe-metric,170,504.95
amaru.observe-metric,171,787.834
amaru.observe-metric,172,635.748
amaru.observe-metric,173,483.35
amaru.observe-metric,174,489.01
amaru.observe-metric,175,438.483
amaru.observe-metric,176,462.755
amaru.observe-metric,177,436.885
amaru.observe-metric,178,458.455
amaru.observe-metric,179,420.487
amaru.observe-metric,180,456.967
amaru.observe-metric,181,422.929
amaru.observe-metric,182,439.74
amaru.observe-metric,183,401.865
amaru.observe-metric,184,388.008
amaru.observe-metric,185,445.225
amaru.observe-metric,186,404.956
amaru.observe-metric,187,451.365
amaru.observe-metric,188,400.534
amaru.observe-metric,189,420.31
amaru.observe-metric,190,385.568
amaru.observe-metric,191,424.006
amaru.observe-metric,192,393.75
amaru.observe-metric,193,391.634
amaru.observe-metric,194,467.597
amaru.observe-metric,195,389.665
amaru.observe-metric,196,536.798
amaru.observe-metric,197,466.418
amaru.observe-metric,198,426.568
amaru.observe-metric,199,410.163
amaru.observe-metric,200,438.079
amaru.observe-metric,201,407.33
amaru.observe-metric,202,488.545
amaru.observe-metric,203,422.286
amaru.observe-metric,204,425.318
amaru.observe-metric,205,383.8
amaru.observe-metric,206,427.969
amaru.observe-metric,207,395.347
amaru.observe-metric,208,384.936
amaru.observe-metric,209,420.335
amaru.observe-metric,210,389.998
amaru.observe-metric,211,531.601
amaru.observe-metric,212,639.482
amaru.observe-metric,213,532.245
amaru.observe-metric,214,521.136
amaru.observe-metric,215,458.381
amaru.observe-metric,216,615.763
amaru.observe-metric,217,645.244
amaru.observe-metric,218,587.153
amaru.observe-metric,219,495.047
amaru.observe-metric,220,440.778
amaru.observe-metric,221,470.893
amaru.observe-metric,222,550.246
amaru.observe-metric,223,715.406
amaru.observe-metric,224,606.283
amaru.observe-metric,225,586.776
amaru.observe-metric,226,492.306
amaru.observe-metric,227,424.121
amaru.observe-metric,228,460.974
amaru.observe-metric,229,418.788
amaru.observe-metric,230,454.384
amaru.observe-metric,231,408.561
amaru.observe-metric,232,770.129
amaru.observe-metric,233,711.705
amaru.observe-metric,234,524.468
amaru.observe-metric,235,487.964
amaru.observe-metric,236,442.729
amaru.observe-metric,237,548.944
amaru.observe-metric,238,458.271
amaru.observe-metric,239,561.04
amaru.observe-metric,240,462.831
amaru.observe-metric,241,470.387
amaru.observe-metric,242,426.38
amaru.observe-metric,243,469.011
amaru.observe-metric,244,439.677
amaru.observe-metric,245,458.693
amaru.observe-metric,246,413.551
amaru.observe-metric,247,489.802
amaru.observe-metric,248,414.714
amaru.observe-metric,249,461.074
amaru.observe-metric,250,416.425
amaru.observe-metric,251,447.914
amaru.observe-metric,252,395.726
amaru.observe-metric,253,439.205
amaru.observe-metric,254,409.068
amaru.observe-metric,255,396.087
amaru.observe-metric,256,597.497
amaru.observe-metric,257,502.495
amaru.observe-metric,258,524.116
amaru.observe-metric,259,640.092
amaru.observe-metric,260,518.607
amaru.observe-metric,261,504.74
amaru.observe-metric,262,640.668
amaru.observe-metric,263,641.513
amaru.observe-metric,264,524.544
amaru.observe-metric,265,489.725
amaru.observe-metric,266,514.56
amaru.observe-metric,267,439.926
amaru.observe-metric,268,485.898
amaru.observe-metric,269,419.274
amaru.observe-metric,270,518.036
amaru.observe-metric,271,413.723
amaru.observe-metric,272,454.166
amaru.observe-metric,273,406.875
amaru.observe-metric,274,467.837
amaru.observe-metric,275,463.219
amaru.observe-metric,276,705.086
amaru.observe-metric,277,593.854
amaru.observe-metric,278,618.665
amaru.observe-metric,279,594.758
amaru.observe-metric,280,515.24
amaru.observe-metric,281,495.407
amaru.observe-metric,282,536.459
amaru.observe-metric,283,478.297
amaru.observe-metric,284,503.007
amaru.observe-metric,285,490.727
amaru.observe-metric,286,468.421
amaru.observe-metric,287,448.014
amaru.observe-metric,288,486.662
amaru.observe-metric,289,436.076
amaru.observe-metric,290,462.934
amaru.observe-metric,291,418.762
amaru.observe-metric,292,453.641
amaru.observe-metric,293,424.799
amaru.observe-metric,294,445.129
amaru.observe-metric,295,414.956
amaru.observe-metric,296,429.85
amaru.observe-metric,297,403.144
amaru.observe-metric,298,400.403
amaru.observe-metric,299,440.017
amaru.observe-metric,300,409.078
amaru.observe-metric,301,478.155
amaru.observe-metric,302,398.447
amaru.observe-metric,303,439.011
amaru.observe-metric,304,393.865
amaru.observe-metric,305,427.403
amaru.observe-metric,306,393.166
amaru.observe-metric,307,399.792
amaru.observe-metric,308,421.54
amaru.observe-metric,309,445.585
amaru.observe-metric,310,522.759
amaru.observe-metric,311,413.013
amaru.observe-metric,312,422.141
amaru.observe-metric,313,445.609
amaru.observe-metric,314,466.006
amaru.observe-metric,315,434.814
amaru.observe-metric,316,456.888
amaru.observe-metric,317,393.642
amaru.observe-metric,318,439.061
amaru.observe-metric,319,444.563
amaru.observe-metric,320,461.2
amaru.observe-metric,321,404.641
amaru.observe-metric,322,424.734
amaru.observe-metric,323,402.877
amaru.observe-metric,324,437.669
amaru.observe-metric,325,499.53
amaru.observe-metric,326,559.835
amaru.observe-metric,327,1153.573
amaru.observe-metric,328,740.672
amaru.observe-metric,329,855.492
amaru.observe-metric,330,658.363
amaru.observe-metric,331,661.066
amaru.observe-metric,332,678.795
amaru.observe-metric,333,612.533
amaru.observe-metric,334,630.885
amaru.observe-metric,335,629.793
amaru.observe-metric,336,507.802
amaru.observe-metric,337,595.552
amaru.observe-metric,338,475.289
amaru.observe-metric,339,495.705
amaru.observe-metric,340,455.757
amaru.observe-metric,341,467.759
amaru.observe-metric,342,440.263
amaru.observe-metric,343,446.302
amaru.observe-metric,344,421.312
amaru.observe-metric,345,539.497
amaru.observe-metric,346,513.084
amaru.observe-metric,347,486.585
amaru.observe-metric,348,430.606
amaru.observe-metric,349,444.119
amaru.observe-metric,350,405.524
amaru.observe-metric,351,450.419
amaru.observe-metric,352,462.021
amaru.observe-metric,353,455.185
amaru.observe-metric,354,454.944
amaru.observe-metric,355,514.458
amaru.observe-metric,356,412.346
amaru.observe-metric,357,430.146
amaru.observe-metric,358,396.536
amaru.observe-metric,359,394.038
amaru.observe-metric,360,396.84
amaru.observe-metric,361,383.688
amaru.observe-metric,362,486.669
amaru.observe-metric,363,401.434
amaru.observe-metric,364,421.72
amaru.observe-metric,365,394.406
amaru.observe-metric,366,413.766
amaru.observe-metric,367,395.262
amaru.observe-metric,368,385.606
amaru.observe-metric,369,435.126
amaru.observe-metric,370,393.194
amaru.observe-metric,371,487.238
amaru.observe-metric,372,499.908
amaru.observe-metric,373,539.31
amaru.observe-metric,374,430.064
amaru.observe-metric,375,472.693
amaru.observe-metric,376,451.473
amaru.observe-metric,377,502.315
amaru.observe-metric,378,471.686
amaru.observe-metric,379,472.357
amaru.observe-metric,380,485.877
amaru.observe-metric,381,465.356
amaru.observe-metric,382,628.553
amaru.observe-metric,383,465.583
amaru.observe-metric,384,543.662
amaru.observe-metric,385,438.025
amaru.observe-metric,386,720.457
amaru.observe-metric,387,528.713
amaru.observe-metric,388,474.643
amaru.observe-metric,389,488.05
amaru.observe-metric,390,590.885
amaru.observe-metric,391,614.086
amaru.observe-metric,392,497.909
amaru.observe-metric,393,558.001
amaru.observe-metric,394,537.257
amaru.observe-metric,395,449.554
amaru.observe-metric,396,466.366
amaru.observe-metric,397,452.782
amaru.observe-metric,398,465.311
amaru.observe-metric,399,443.131
amaru.observe-metric,400,427.366
amaru.observe-metric,401,523.54
amaru.observe-metric,402,431.622
amaru.observe-metric,403,430.802
amaru.observe-metric,404,411.551
amaru.observe-metric,405,460.914
amaru.observe-metric,406,416.691
amaru.observe-metric,407,427.621
amaru.observe-metric,408,412.462
amaru.observe-metric,409,443.093
amaru.observe-metric,410,454.08
amaru.observe-metric,411,452.305
amaru.observe-metric,412,397.258
amaru.observe-metric,413,422.324
amaru.observe-metric,414,413.592
amaru.observe-metric,415,402.658
amaru.observe-metric,416,435.02
amaru.observe-metric,417,394.469
amaru.observe-metric,418,513.098
amaru.observe-metric,419,664.23
amaru.observe-metric,420,542.513
amaru.observe-metric,421,531.043
amaru.observe-metric,422,463.411
amaru.observe-metric,423,564.046
amaru.observe-metric,424,448.215
amaru.observe-metric,425,517.278
amaru.observe-metric,426,440.248
amaru.observe-metric,427,497.537
amaru.observe-metric,428,437.855
amaru.observe-metric,429,442.523
amaru.observe-metric,430,428.032
amaru.observe-metric,431,507.142
amaru.observe-metric,432,491.927
amaru.observe-metric,433,692.077
amaru.observe-metric,434,679.457
amaru.observe-metric,435,521.511
amaru.observe-metric,436,551.151
amaru.observe-metric,437,733.273
amaru.observe-metric,438,611.427
amaru.observe-metric,439,758.874
amaru.observe-metric,440,627.338
amaru.observe-metric,441,699.183
amaru.observe-metric,442,554.716
amaru.observe-metric,443,580.632
amaru.observe-metric,444,517.038
amaru.observe-metric,445,618.044
amaru.observe-metric,446,665.861
amaru.observe-metric,447,559.985
amaru.observe-metric,448,504.555
amaru.observe-metric,449,504.026
amaru.observe-metric,450,516.785
amaru.observe-metric,451,474.702
amaru.observe-metric,452,534.905
amaru.observe-metric,453,479.632
amaru.observe-metric,454,460.486
amaru.observe-metric,455,471.558
amaru.observe-metric,456,447.869
amaru.observe-metric,457,435.388
amaru.observe-metric,458,433.155
amaru.observe-metric,459,417.84
amaru.observe-metric,460,485.542
amaru.observe-metric,461,414.17
amaru.observe-metric,462,449.849
amaru.observe-metric,463,411.096
amaru.observe-metric,464,454.561
amaru.observe-metric,465,418.154
amaru.observe-metric,466,439.523
amaru.observe-metric,467,400.069
amaru.observe-metric,468,419.198
amaru.observe-metric,469,440.548
amaru.observe-metric,470,458.934
amaru.observe-metric,471,408.674
amaru.observe-metric,472,412.064
amaru.observe-metric,473,430.1
amaru.observe-metric,474,401.093
amaru.observe-metric,475,437.723
amaru.observe-metric,476,399.853
amaru.observe-metric,477,429.571
amaru.observe-metric,478,513.788
amaru.observe-metric,479,445.699
amaru.observe-metric,480,499.473
amaru.observe-metric,481,467.074
amaru.observe-metric,482,419.476
amaru.observe-metric,483,435.122
amaru.observe-metric,484,399.902
amaru.observe-metric,485,411.396
amaru.observe-metric,486,742.608
amaru.observe-metric,487,639.898
amaru.observe-metric,488,573.561
amaru.observe-metric,489,538.888
amaru.observe-metric,490,518.806
amaru.observe-metric,491,466.678
amaru.observe-metric,492,553.953
amaru.observe-metric,493,467.503
amaru.observe-metric,494,475.529
amaru.observe-metric,495,525.81
amaru.observe-metric,496,504.423
amaru.observe-metric,497,459.352
amaru.observe-metric,498,496.156
amaru.observe-metric,499,437.795
amaru.observe-metric,500,526.104
amaru.observe-metric,501,440.576
amaru.observe-metric,502,463.143
amaru.observe-metric,503,437.078
amaru.observe-metric,504,523.79
amaru.observe-metric,505,446.577
amaru.observe-metric,506,489.773
amaru.observe-metric,507,424.347
amaru.observe-metric,508,700.427
amaru.observe-metric,509,643.683
amaru.observe-metric,510,521.401
amaru.observe-metric,511,549.734
amaru.observe-metric,512,542.81
amaru.observe-metric,513,486.531
amaru.observe-metric,514,480.312
amaru.observe-metric,515,636.717
amaru.observe-metric,516,633.22
amaru.observe-metric,517,567.612
amaru.observe-metric,518,503.875
amaru.observe-metric,519,517.36
amaru.observe-metric,520,478.786
amaru.observe-metric,521,506.552
amaru.observe-metric,522,489.364
amaru.observe-metric,523,511.568
amaru.observe-metric,524,540.927
amaru.observe-metric,525,644.787
amaru.observe-metric,526,683.72
amaru.observe-metric,527,525.272
amaru.observe-metric,528,610.708
amaru.observe-metric,529,533.818
amaru.observe-metric,530,495.41
amaru.observe-metric,531,549.256
amaru.observe-metric,532,488.398
amaru.observe-metric,533,521.991
amaru.observe-metric,534,489.397
amaru.observe-metric,535,522.337
amaru.observe-metric,536,456.419
amaru.observe-metric,537,482.473
amaru.observe-metric,538,453.764
amaru.observe-metric,539,621.069
amaru.observe-metric,540,504.924
amaru.observe-metric,541,454.752
amaru.observe-metric,542,542.834
amaru.observe-metric,543,465.582
amaru.observe-metric,544,477.726
amaru.observe-metric,545,420.004
amaru.observe-metric,546,683.649
amaru.observe-metric,547,647.449
amaru.observe-metric,548,658.21
amaru.observe-metric,549,660.917
amaru.observe-metric,550,532.451
amaru.observe-metric,551,523.116
amaru.observe-metric,552,511.182
amaru.observe-metric,553,488.983
amaru.observe-metric,554,507.709
amaru.observe-metric,555,534.399
amaru.observe-metric,556,635.142
amaru.observe-metric,557,463.656
amaru.observe-metric,558,508.884
amaru.observe-metric,559,466.386
amaru.observe-metric,560,466.517
amaru.observe-metric,561,696.216
amaru.observe-metric,562,667.154
amaru.observe-metric,563,737.059
amaru.observe-metric,564,578.614
amaru.observe-metric,565,617.913
amaru.observe-metric,566,1257.081
amaru.observe-metric,567,760.141
amaru.observe-metric,568,805.32
amaru.observe-metric,569,636.081
amaru.observe-metric,570,618.711
amaru.observe-metric,571,722.709
amaru.observe-metric,572,595.583
amaru.observe-metric,573,608.13
amaru.observe-metric,574,571.948
amaru.observe-metric,575,522.914
amaru.observe-metric,576,545.64
amaru.observe-metric,577,509.078
amaru.observe-metric,578,525.007
amaru.observe-metric,579,486.121
amaru.observe-metric,580,672.765
amaru.observe-metric,581,706.652
amaru.observe-metric,582,557.87
amaru.observe-metric,583,555.012
amaru.observe-metric,584,533.913
amaru.observe-metric,585,493.486
amaru.observe-metric,586,489.311
amaru.observe-metric,587,548.506
amaru.observe-metric,588,515.197
amaru.observe-metric,589,460.686
amaru.observe-metric,590,481.704
amaru.observe-metric,591,461.364
amaru.observe-metric,592,825.531
amaru.observe-metric,593,632.343
amaru.observe-metric,594,514.792
amaru.observe-metric,595,522.034
amaru.observe-metric,596,477.124
amaru.observe-metric,597,589.606
amaru.observe-metric,598,544.29
amaru.observe-metric,599,547.43
amaru.observe-metric,600,673.534
amaru.observe-metric,601,619.481
amaru.observe-metric,602,588.185
amaru.observe-metric,603,632.466
amaru.observe-metric,604,582.758
amaru.observe-metric,605,553.682
amaru.observe-metric,606,821.901
amaru.observe-metric,607,661.905
amaru.observe-metric,608,578.116
amaru.observe-metric,609,608.326
amaru.observe-metric,610,563.385
amaru.observe-metric,611,537.544
amaru.observe-metric,612,756.771
amaru.observe-metric,613,591.912
amaru.observe-metric,614,480.673
amaru.observe-metric,615,510.242
amaru.observe-metric,616,453.291
amaru.observe-metric,617,469.688
amaru.observe-metric,618,429.813
amaru.observe-metric,619,466.429
amaru.observe-metric,620,461.536
amaru.observe-metric,621,495.324
amaru.observe-metric,622,441.587
amaru.observe-metric,623,487.712
amaru.observe-metric,624,417.403
amaru.observe-metric,625,433.774
amaru.observe-metric,626,402.773
amaru.observe-metric,627,408.664
amaru.observe-metric,628,501.851
amaru.observe-metric,629,419.874
amaru.observe-metric,630,592.667
amaru.observe-metric,631,716.03
amaru.observe-metric,632,531.162
amaru.observe-metric,633,519.987
amaru.observe-metric,634,449.679
amaru.observe-metric,635,534.227
amaru.observe-metric,636,457.722
amaru.observe-metric,637,442.533
amaru.observe-metric,638,427.564
amaru.observe-metric,639,505.459
amaru.observe-metric,640,639.307
amaru.observe-metric,641,657.585
amaru.observe-metric,642,702.499
amaru.observe-metric,643,612.072
amaru.observe-metric,644,611.418
amaru.observe-metric,645,611.729
amaru.observe-metric,646,591.968
amaru.observe-metric,647,508.138
amaru.observe-metric,648,575.52
amaru.observe-metric,649,522.264
amaru.observe-metric,650,544.219
amaru.observe-metric,651,469.663
amaru.observe-metric,652,475.174
amaru.observe-metric,653,493.67
amaru.observe-metric,654,453.393
amaru.observe-metric,655,483.37
amaru.observe-metric,656,529.923
amaru.observe-metric,657,480.178
amaru.observe-metric,658,444.145
amaru.observe-metric,659,483.913
amaru.observe-metric,660,441.003
amaru.observe-metric,661,466.914
amaru.observe-metric,662,414.205
amaru.observe-metric,663,417.612
amaru.observe-metric,664,479.804
amaru.observe-metric,665,423.029
amaru.observe-metric,666,664.549
amaru.observe-metric,667,733.731
amaru.observe-metric,668,533.359
amaru.observe-metric,669,482.948
amaru.observe-metric,670,486.881
amaru.observe-metric,671,722.09
amaru.observe-metric,672,681.449
amaru.observe-metric,673,685.757
amaru.observe-metric,674,570.269
amaru.observe-metric,675,544.28
amaru.observe-metric,676,523.121
amaru.observe-metric,677,602.373
amaru.observe-metric,678,542.449
amaru.observe-metric,679,480.051
amaru.observe-metric,680,504.768
amaru.observe-metric,681,458.43
amaru.observe-metric,682,453.538
amaru.observe-metric,683,434.542
amaru.observe-metric,684,568.33
amaru.observe-metric,685,664.347
amaru.observe-metric,686,661.305
amaru.observe-metric,687,582.269
amaru.observe-metric,688,518.23
amaru.observe-metric,689,494.897
amaru.observe-metric,690,510.309
amaru.observe-metric,691,530.064
amaru.observe-metric,692,530.732
amaru.observe-metric,693,462.484
amaru.observe-metric,694,500.879
amaru.observe-metric,695,447.19
amaru.observe-metric,696,506.178
amaru.observe-metric,697,683.92
amaru.observe-metric,698,633.824
amaru.observe-metric,699,566.51
amaru.observe-metric,700,522.502
amaru.observe-metric,701,550.338
amaru.observe-metric,702,493.926
amaru.observe-metric,703,509.023
amaru.observe-metric,704,519.736
amaru.observe-metric,705,523.842
amaru.observe-metric,706,495.584
amaru.observe-metric,707,444.034
amaru.observe-metric,708,463.726
amaru.observe-metric,709,437.834
amaru.observe-metric,710,451.981
amaru.observe-metric,711,413.217
amaru.observe-metric,712,427.203
amaru.observe-metric,713,554.81
amaru.observe-metric,714,467.58
amaru.observe-metric,715,420.679
amaru.observe-metric,716,421.571
amaru.observe-metric,717,509.209
amaru.observe-metric,718,630.022
amaru.observe-metric,719,616.051
amaru.observe-metric,720,738.046
amaru.observe-metric,721,609.698
amaru.observe-metric,722,657.642
amaru.observe-metric,723,590.703
amaru.observe-metric,724,539.59
amaru.observe-metric,725,600.92
amaru.observe-metric,726,689.476
amaru.observe-metric,727,628.348
amaru.observe-metric,728,618.051
amaru.observe-metric,729,706.694
amaru.observe-metric,730,672.532
amaru.observe-metric,731,578.361
amaru.observe-metric,732,642.82
amaru.observe-metric,733,555.013
amaru.observe-metric,734,482.399
amaru.observe-metric,735,518.273
amaru.observe-metric,736,526.513
amaru.observe-metric,737,493.01
amaru.observe-metric,738,470.135
amaru.observe-metric,739,505.366
amaru.observe-metric,740,468.642
amaru.observe-metric,741,490.797
amaru.observe-metric,742,443.831
amaru.observe-metric,743,460.996
amaru.observe-metric,744,426.575
amaru.observe-metric,745,457.155
amaru.observe-metric,746,424.88
amaru.observe-metric,747,528.762
amaru.observe-metric,748,541.278
amaru.observe-metric,749,628.878
amaru.observe-metric,750,813.501
amaru.observe-metric,751,600.372
amaru.observe-metric,752,562.376
amaru.observe-metric,753,632.104
amaru.observe-metric,754,636.919
amaru.observe-metric,755,580.845
amaru.observe-metric,756,598.228
amaru.observe-metric,757,581.796
amaru.observe-metric,758,516.09
amaru.observe-metric,759,476.778
amaru.observe-metric,760,601.225
amaru.observe-metric,761,485.73
amaru.observe-metric,762,429.923
amaru.observe-metric,763,459.818
amaru.observe-metric,764,473.753
amaru.observe-metric,765,555.581
amaru.observe-metric,766,480.267
amaru.observe-metric,767,451.058
amaru.observe-metric,768,457.705
amaru.observe-metric,769,448.385
amaru.observe-metric,770,399.703
amaru.observe-metric,771,404.43
amaru.observe-metric,772,442.871
amaru.observe-metric,773,486.575
amaru.observe-metric,774,706.77
amaru.observe-metric,775,684.609
amaru.observe-metric,776,621.336
amaru.observe-metric,777,588.941
amaru.observe-metric,778,554.635
amaru.observe-metric,779,462.144
amaru.observe-metric,780,477.06
amaru.observe-metric,781,444.656
amaru.observe-metric,782,633.101
amaru.observe-metric,783,474.031
amaru.observe-metric,784,473.807
amaru.observe-metric,785,440.245
amaru.observe-metric,786,438.839
amaru.observe-metric,787,435.089
amaru.observe-metric,788,470.42
amaru.observe-metric,789,427.787
amaru.observe-metric,790,513.038
amaru.observe-metric,791,416.907
amaru.observe-metric,792,453.933
amaru.observe-metric,793,416.087
amaru.observe-metric,794,447.189
amaru.observe-metric,795,414.727
amaru.observe-metric,796,446.726
amaru.observe-metric,797,409.121
amaru.observe-metric,798,427.593
amaru.observe-metric,799,508.118
amaru.observe-metric,800,621.049
amaru.observe-metric,801,638.403
amaru.observe-metric,802,848.991
amaru.observe-metric,803,545.249
amaru.observe-metric,804,480.025
amaru.observe-metric,805,610.502
amaru.observe-metric,806,486.664
amaru.observe-metric,807,432.95
amaru.observe-metric,808,448.22
amaru.observe-metric,809,722.708
amaru.observe-metric,810,567.716
amaru.observe-metric,811,526.194
amaru.observe-metric,812,511.312
amaru.observe-metric,813,494.896
amaru.observe-metric,814,458.948
amaru.observe-metric,815,477.966
amaru.observe-metric,816,427.826
amaru.observe-metric,817,529.822
amaru.observe-metric,818,431.243
amaru.observe-metric,819,448.7
amaru.observe-metric,820,459.735
amaru.observe-metric,821,462.08
amaru.observe-metric,822,413.009
amaru.observe-metric,823,413.301
amaru.observe-metric,824,429.127
amaru.observe-metric,825,404.936
amaru.observe-metric,826,422.542
amaru.observe-metric,827,398.901
amaru.observe-metric,828,430.77
amaru.observe-metric,829,439.575
amaru.observe-metric,830,475.049
amaru.observe-metric,831,432.329
amaru.observe-metric,832,428.955
amaru.observe-metric,833,401.004
amaru.observe-metric,834,389.952
amaru.observe-metric,835,411.898
amaru.observe-metric,836,388.242
amaru.observe-metric,837,422.626
amaru.observe-metric,838,420.584
amaru.observe-metric,839,429.062
amaru.observe-metric,840,387.662
amaru.observe-metric,841,400.988
amaru.observe-metric,842,426.822
amaru.observe-metric,843,414.923
amaru.observe-metric,844,436.334
amaru.observe-metric,845,397.783
amaru.observe-metric,846,420.231
amaru.observe-metric,847,900.449
amaru.observe-metric,848,562.829
amaru.observe-metric,849,570.084
amaru.observe-metric,850,463.113
amaru.observe-metric,851,506.693
amaru.observe-metric,852,554.977
amaru.observe-metric,853,728.116
amaru.observe-metric,854,886.463
amaru.observe-metric,855,667.244
amaru.observe-metric,856,517.132
amaru.observe-metric,857,498.873
amaru.observe-metric,858,557.334
amaru.observe-metric,859,661.459
amaru.observe-metric,860,633.424
amaru.observe-metric,861,559.787
amaru.observe-metric,862,650.716
amaru.observe-metric,863,641.383
amaru.observe-metric,864,560.827
amaru.observe-metric,865,586.073
amaru.observe-metric,866,529.476
amaru.observe-metric,867,588.032
amaru.observe-metric,868,521.014
amaru.observe-metric,869,476.603
amaru.observe-metric,870,525.366
amaru.observe-metric,871,504.39
amaru.observe-metric,872,646.983
amaru.observe-metric,873,553.083
amaru.observe-metric,874,614.411
amaru.observe-metric,875,630.579
amaru.observe-metric,876,567.763
amaru.observe-metric,877,525.216
amaru.observe-metric,878,757.571
amaru.observe-metric,879,711.849
amaru.observe-metric,880,593.999
amaru.observe-metric,881,619.163
amaru.observe-metric,882,578.178
amaru.observe-metric,883,605.892
amaru.observe-metric,884,689.345
amaru.observe-metric,885,547.796
amaru.observe-metric,886,490.146
amaru.observe-metric,887,517.742
amaru.observe-metric,888,450.443
amaru.observe-metric,889,501.184
amaru.observe-metric,890,459.254
amaru.observe-metric,891,509.579
amaru.observe-metric,892,542.534
amaru.observe-metric,893,484.434
amaru.observe-metric,894,453.102
amaru.observe-metric,895,473.129
amaru.observe-metric,896,433.948
amaru.observe-metric,897,450.963
amaru.observe-metric,898,636.171
amaru.observe-metric,899,704.472
amaru.observe-metric,900,627.117
amaru.observe-metric,901,581.606
amaru.observe-metric,902,517.157
amaru.observe-metric,903,613.842
amaru.observe-metric,904,553.888
amaru.observe-metric,905,606.971
amaru.observe-metric,906,529.116
amaru.observe-metric,907,709.077
amaru.observe-metric,908,617.876
amaru.observe-metric,909,544.344
amaru.observe-metric,910,611.87
amaru.observe-metric,911,642.847
amaru.observe-metric,912,541.381
amaru.observe-metric,913,501.062
amaru.observe-metric,914,598.386
amaru.observe-metric,915,681.201
amaru.observe-metric,916,659.923
amaru.observe-metric,917,620.753
amaru.observe-metric,918,502.493
amaru.observe-metric,919,514.265
amaru.observe-metric,920,492.598
amaru.observe-metric,921,609.476
amaru.observe-metric,922,784.653
amaru.observe-metric,923,826.01
amaru.observe-metric,924,735.907
amaru.observe-metric,925,640.814
amaru.observe-metric,926,764.313
amaru.observe-metric,927,1007.653
amaru.observe-metric,928,1374.94
amaru.observe-metric,929,686.487
amaru.observe-metric,930,647.587
amaru.observe-metric,931,608.012
amaru.observe-metric,932,533.348
amaru.observe-metric,933,870.914
amaru.observe-metric,934,671.585
amaru.observe-metric,935,606.705
amaru.observe-metric,936,590.533
amaru.observe-metric,937,710.609
amaru.observe-metric,938,596.968
amaru.observe-metric,939,603.715
amaru.observe-metric,940,560.286
amaru.observe-metric,941,502.524
amaru.observe-metric,942,644.382
amaru.observe-metric,943,701.479
amaru.observe-metric,944,567.614
amaru.observe-metric,945,604.678
amaru.observe-metric,946,537.309
amaru.observe-metric,947,481.334
amaru.observe-metric,948,503.012
amaru.observe-metric,949,469.153
amaru.observe-metric,950,473.878
amaru.observe-metric,951,433.609
amaru.observe-metric,952,487.865
amaru.observe-metric,953,517.455
amaru.observe-metric,954,457.623
amaru.observe-metric,955,425.677
amaru.observe-metric,956,565.274
amaru.observe-metric,957,478.26
amaru.observe-metric,958,505.126
amaru.observe-metric,959,516.483
amaru.observe-metric,960,769.215
amaru.observe-metric,961,638.218
amaru.observe-metric,962,604.238
amaru.observe-metric,963,532.282
amaru.observe-metric,964,566.709
amaru.observe-metric,965,490.965
amaru.observe-metric,966,585.747
amaru.observe-metric,967,469.592
amaru.observe-metric,968,529.485
amaru.observe-metric,969,449.153
amaru.observe-metric,970,444.055
amaru.observe-metric,971,517.367
amaru.observe-metric,972,454.091
amaru.observe-metric,973,544.216
amaru.observe-metric,974,527.885
amaru.observe-metric,975,464.984
amaru.observe-metric,976,421.629
amaru.observe-metric,977,448.438
amaru.observe-metric,978,423.909
amaru.observe-metric,979,442.625
amaru.observe-metric,980,499.429
amaru.observe-metric,981,484.039
amaru.observe-metric,982,468.362
amaru.observe-metric,983,442.908
amaru.observe-metric,984,410.368
amaru.observe-metric,985,389.114
amaru.observe-metric,986,426.479
amaru.observe-metric,987,390.078
amaru.observe-metric,988,431.68
amaru.observe-metric,989,397.861
amaru.observe-metric,990,420.849
amaru.observe-metric,991,448.587
amaru.observe-metric,992,459.977
amaru.observe-metric,993,400.982
amaru.observe-metric,994,391.051
amaru.observe-metric,995,438.377
amaru.observe-metric,996,407.113
amaru.observe-metric,997,415.863
amaru.observe-metric,998,389.774
amaru.observe-metric,999,430.686
amaru.audit-threshold,0,409.694
amaru.audit-threshold,1,401.979
amaru.audit-threshold,2,749.792
amaru.audit-threshold,3,533.438
amaru.audit-threshold,4,467.5
amaru.audit-threshold,5,618.417
amaru.audit-threshold,6,477.165
amaru.audit-threshold,7,462.482
amaru.audit-threshold,8,437.755
amaru.audit-threshold,9,547.914
amaru.audit-threshold,10,474.974
amaru.audit-threshold,11,468.911
amaru.audit-threshold,12,418.863
amaru.audit-threshold,13,442.53
amaru.audit-threshold,14,404.792
amaru.audit-threshold,15,434.972
amaru.audit-threshold,16,422.937
amaru.audit-threshold,17,412.995
amaru.audit-threshold,18,456.999
amaru.audit-threshold,19,388.531
amaru.audit-threshold,20,408.906
amaru.audit-threshold,21,387.934
amaru.audit-threshold,22,436.552
amaru.audit-threshold,23,376.829
amaru.audit-threshold,24,415.407
amaru.audit-threshold,25,397.472
amaru.audit-threshold,26,384.731
amaru.audit-threshold,27,464.177
amaru.audit-threshold,28,387.062
amaru.audit-threshold,29,405.869
amaru.audit-threshold,30,449.652
amaru.audit-threshold,31,552.751
amaru.audit-threshold,32,418.777
amaru.audit-threshold,33,449.547
amaru.audit-threshold,34,437.913
amaru.audit-threshold,35,412.247
amaru.audit-threshold,36,484.595
amaru.audit-threshold,37,431.074
amaru.audit-threshold,38,383.292
amaru.audit-threshold,39,385.373
amaru.audit-threshold,40,405.12
amaru.audit-threshold,41,380.228
amaru.audit-threshold,42,414.472
amaru.audit-threshold,43,379.33
amaru.audit-threshold,44,416.526
amaru.audit-threshold,45,431.962
amaru.audit-threshold,46,380.362
amaru.audit-threshold,47,413.648
amaru.audit-threshold,48,374.243
amaru.audit-threshold,49,429.726
amaru.audit-threshold,50,374.067
amaru.audit-threshold,51,415.968
amaru.audit-threshold,52,398.394
amaru.audit-threshold,53,528.76
amaru.audit-threshold,54,426.476
amaru.audit-threshold,55,383.785
amaru.audit-threshold,56,408.362
amaru.audit-threshold,57,378.879
amaru.audit-threshold,58,410.327
amaru.audit-threshold,59,376.843
amaru.audit-threshold,60,402.125
amaru.audit-threshold,61,380.476
amaru.audit-threshold,62,374.337
amaru.audit-threshold,63,450.796
amaru.audit-threshold,64,382.446
amaru.audit-threshold,65,417.69
amaru.audit-threshold,66,382.895
amaru.audit-threshold,67,399.615
amaru.audit-threshold,68,385.482
amaru.audit-threshold,69,371.771
amaru.audit-threshold,70,405.209
amaru.audit-threshold,71,377.529
amaru.audit-threshold,72,404.156
amaru.audit-threshold,73,622.359
amaru.audit-threshold,74,515.338
amaru.audit-threshold,75,410.092
amaru.audit-threshold,76,431.668
amaru.audit-threshold,77,408.293
amaru.audit-threshold,78,394.037
amaru.audit-threshold,79,401.805
amaru.audit-threshold,80,383.311
amaru.audit-threshold,81,462.899
amaru.audit-threshold,82,390.447
amaru.audit-threshold,83,468.123
amaru.audit-threshold,84,532.772
amaru.audit-threshold,85,647.951
amaru.audit-threshold,86,550.561
amaru.audit-threshold,87,585.228
amaru.audit-threshold,88,614.424
amaru.audit-threshold,89,577.92
amaru.audit-threshold,90,483.062
amaru.audit-threshold,91,523.483
amaru.audit-threshold,92,480.986
amaru.audit-threshold,93,452.133
amaru.audit-threshold,94,432.254
amaru.audit-threshold,95,442.475
amaru.audit-threshold,96,451.558
amaru.audit-threshold,97,417.13
amaru.audit-threshold,98,408.573
amaru.audit-threshold,99,441.054
amaru.audit-threshold,100,471.512
amaru.audit-threshold,101,407.623
amaru.audit-threshold,102,408.488
amaru.audit-threshold,103,400.006
amaru.audit-threshold,104,841.894
amaru.audit-threshold,105,512.825
amaru.audit-threshold,106,900.661
amaru.audit-threshold,107,805.011
amaru.audit-threshold,108,792.339
amaru.audit-threshold,109,942.12
amaru.audit-threshold,110,840.684
amaru.audit-threshold,111,1643.424
amaru.audit-threshold,112,1150.291
amaru.audit-threshold,113,916.489
amaru.audit-threshold,114,747.86
amaru.audit-threshold,115,661.521
amaru.audit-threshold,116,483.107
amaru.audit-threshold,117,699.105
amaru.audit-threshold,118,577.759
amaru.audit-threshold,119,463.885
amaru.audit-threshold,120,540.635
amaru.audit-threshold,121,455.078
amaru.audit-threshold,122,496.833
amaru.audit-threshold,123,433.041
amaru.audit-threshold,124,637.586
amaru.audit-threshold,125,626.322
amaru.audit-threshold,126,500.997
amaru.audit-threshold,127,542.03
amaru.audit-threshold,128,443.645
amaru.audit-threshold,129,545.016
amaru.audit-threshold,130,490.878
amaru.audit-threshold,131,603.601
amaru.audit-threshold,132,486.305
amaru.audit-threshold,133,460.465
amaru.audit-threshold,134,426.112
amaru.audit-threshold,135,435.005
amaru.audit-threshold,136,407.558
amaru.audit-threshold,137,484.125
amaru.audit-threshold,138,408.528
amaru.audit-threshold,139,647.579
amaru.audit-threshold,140,563.468
amaru.audit-threshold,141,519.695
amaru.audit-threshold,142,515.823
amaru.audit-threshold,143,424.489
amaru.audit-threshold,144,477.01
amaru.audit-threshold,145,414.833
amaru.audit-threshold,146,436.414
amaru.audit-threshold,147,463.633
amaru.audit-threshold,148,461.851
amaru.audit-threshold,149,401.588
amaru.audit-threshold,150,395.675
amaru.audit-threshold,151,401.851
amaru.audit-threshold,152,392.481
amaru.audit-threshold,153,414.147
amaru.audit-threshold,154,741.707
amaru.audit-threshold,155,534.467
amaru.audit-threshold,156,435.157
amaru.audit-threshold,157,401.348
amaru.audit-threshold,158,377.475
amaru.audit-threshold,159,420.749
amaru.audit-threshold,160,379.149
amaru.audit-threshold,161,415.358
amaru.audit-threshold,162,387.011
amaru.audit-threshold,163,408.39
amaru.audit-threshold,164,431.63
amaru.audit-threshold,165,367.832
amaru.audit-threshold,166,410.233
amaru.audit-threshold,167,368.993
amaru.audit-threshold,168,389.65
amaru.audit-threshold,169,379.565
amaru.audit-threshold,170,365.146
amaru.audit-threshold,171,392.684
amaru.audit-threshold,172,372.533
amaru.audit-threshold,173,443.408
amaru.audit-threshold,174,381.909
amaru.audit-threshold,175,384.317
amaru.audit-threshold,176,377.974
amaru.audit-threshold,177,378.036
amaru.audit-threshold,178,409.127
amaru.audit-threshold,179,372.616
amaru.audit-threshold,180,398.388
amaru.audit-threshold,181,380.297
amaru.audit-threshold,182,367.804
amaru.audit-threshold,183,440.758
amaru.audit-threshold,184,391.916
amaru.audit-threshold,185,411.138
amaru.audit-threshold,186,372.846
amaru.audit-threshold,187,404.597
amaru.audit-threshold,188,380.695
amaru.audit-threshold,189,367.919
amaru.audit-threshold,190,408.89
amaru.audit-threshold,191,368.708
amaru.audit-threshold,192,407.576
amaru.audit-threshold,193,430.56
amaru.audit-threshold,194,413.774
amaru.audit-threshold,195,396.468
amaru.audit-threshold,196,375.025
amaru.audit-threshold,197,405.342
amaru.audit-threshold,198,374.558
amaru.audit-threshold,199,422.041
amaru.audit-threshold,200,382.625
amaru.audit-threshold,201,406.187
amaru.audit-threshold,202,465.115
amaru.audit-threshold,203,376.827
amaru.audit-threshold,204,423.22
amaru.audit-threshold,205,706.037
amaru.audit-threshold,206,504.971
amaru.audit-threshold,207,495.755
amaru.audit-threshold,208,428.944
amaru.audit-threshold,209,462.7
amaru.audit-threshold,210,494.324
amaru.audit-threshold,211,425.225
amaru.audit-threshold,212,398.089
amaru.audit-threshold,213,398.697
amaru.audit-threshold,214,407.834
amaru.audit-threshold,215,384.94
amaru.audit-threshold,216,406.803
amaru.audit-threshold,217,390.64
amaru.audit-threshold,218,415.737
amaru.audit-threshold,219,443.457
amaru.audit-threshold,220,403.675
amaru.audit-threshold,221,381.499
amaru.audit-threshold,222,367.379
amaru.audit-threshold,223,413.185
amaru.audit-threshold,224,376.771
amaru.audit-threshold,225,398.833
amaru.audit-threshold,226,384.921
amaru.audit-threshold,227,371.512
amaru.audit-threshold,228,453.578
amaru.audit-threshold,229,383.644
amaru.audit-threshold,230,398.77
amaru.audit-threshold,231,567.676
amaru.audit-threshold,232,606.152
amaru.audit-threshold,233,502.789
amaru.audit-threshold,234,689.438
amaru.audit-threshold,235,530.544
amaru.audit-threshold,236,511.983
amaru.audit-threshold,237,473.993
amaru.audit-threshold,238,399.429
amaru.audit-threshold,239,445.808
amaru.audit-threshold,240,408.526
amaru.audit-threshold,241,437.268
amaru.audit-threshold,242,377.939
amaru.audit-threshold,243,395.171
amaru.audit-threshold,244,444.702
amaru.audit-threshold,245,378.064
amaru.audit-threshold,246,413.015
amaru.audit-threshold,247,381.103
amaru.audit-threshold,248,398.594
amaru.audit-threshold,249,370.709
amaru.audit-threshold,250,367.545
amaru.audit-threshold,251,375.122
amaru.audit-threshold,252,377.505
amaru.audit-threshold,253,459.759
amaru.audit-threshold,254,494.038
amaru.audit-threshold,255,545.413
amaru.audit-threshold,256,795.918
amaru.audit-threshold,257,513.902
amaru.audit-threshold,258,534.632
amaru.audit-threshold,259,497.998
amaru.audit-threshold,260,516.045
amaru.audit-threshold,261,417.686
amaru.audit-threshold,262,446.249
amaru.audit-threshold,263,419.097
amaru.audit-threshold,264,422.067
amaru.audit-threshold,265,403.687
amaru.audit-threshold,266,432.896
amaru.audit-threshold,267,420.067
amaru.audit-threshold,268,423.063
amaru.audit-threshold,269,453.128
amaru.audit-threshold,270,418.199
amaru.audit-threshold,271,414.907
amaru.audit-threshold,272,390.963
amaru.audit-threshold,273,427.274
amaru.audit-threshold,274,378.458
amaru.audit-threshold,275,417.879
amaru.audit-threshold,276,381.583
amaru.audit-threshold,277,459.113
amaru.audit-threshold,278,617.797
amaru.audit-threshold,279,564.731
amaru.audit-threshold,280,482.383
amaru.audit-threshold,281,495.69
amaru.audit-threshold,282,420.355
amaru.audit-threshold,283,446.897
amaru.audit-threshold,284,396.978
amaru.audit-threshold,285,434.649
amaru.audit-threshold,286,400.728
amaru.audit-threshold,287,420.48
amaru.audit-threshold,288,397.539
amaru.audit-threshold,289,374.623
amaru.audit-threshold,290,378.917
amaru.audit-threshold,291,370.87
amaru.audit-threshold,292,408.833
amaru.audit-threshold,293,378.628
amaru.audit-threshold,294,396.557
amaru.audit-threshold,295,421.995
amaru.audit-threshold,296,369.277
amaru.audit-threshold,297,410.324
amaru.audit-threshold,298,368.114
amaru.audit-threshold,299,405.256
amaru.audit-threshold,300,373.945
amaru.audit-threshold,301,368.093
amaru.audit-threshold,302,382.086
amaru.audit-threshold,303,370.634
amaru.audit-threshold,304,401.581
amaru.audit-threshold,305,389.291
amaru.audit-threshold,306,394.234
amaru.audit-threshold,307,710.198
amaru.audit-threshold,308,547.752
amaru.audit-threshold,309,440.556
amaru.audit-threshold,310,497.503
amaru.audit-threshold,311,416.275
amaru.audit-threshold,312,495.276
amaru.audit-threshold,313,417.248
amaru.audit-threshold,314,452.751
amaru.audit-threshold,315,410.179
amaru.audit-threshold,316,460.754
amaru.audit-threshold,317,404.633
amaru.audit-threshold,318,530.187
amaru.audit-threshold,319,418.103
amaru.audit-threshold,320,431.454
amaru.audit-threshold,321,430.658
amaru.audit-threshold,322,435.579
amaru.audit-threshold,323,376.803
amaru.audit-threshold,324,374.096
amaru.audit-threshold,325,409.584
amaru.audit-threshold,326,376.22
amaru.audit-threshold,327,407.4
amaru.audit-threshold,328,373.06
amaru.audit-threshold,329,371.366
amaru.audit-threshold,330,456.515
amaru.audit-threshold,331,398.007
amaru.audit-threshold,332,416.741
amaru.audit-threshold,333,366.407
amaru.audit-threshold,334,401.606
amaru.audit-threshold,335,371.227
amaru.audit-threshold,336,403.747
amaru.audit-threshold,337,391.178
amaru.audit-threshold,338,451.224
amaru.audit-threshold,339,736.84
amaru.audit-threshold,340,574.663
amaru.audit-threshold,341,470.696
amaru.audit-threshold,342,458.15
amaru.audit-threshold,343,412.858
amaru.audit-threshold,344,446.829
amaru.audit-threshold,345,406.953
amaru.audit-threshold,346,428.536
amaru.audit-threshold,347,608.587
amaru.audit-threshold,348,582.951
amaru.audit-threshold,349,467.483
amaru.audit-threshold,350,496.563
amaru.audit-threshold,351,439.833
amaru.audit-threshold,352,544.165
amaru.audit-threshold,353,420.266
amaru.audit-threshold,354,496.781
amaru.audit-threshold,355,642.265
amaru.audit-threshold,356,623.853
amaru.audit-threshold,357,677.045
amaru.audit-threshold,358,597.569
amaru.audit-threshold,359,487.827
amaru.audit-threshold,360,616.022
amaru.audit-threshold,361,712.003
amaru.audit-threshold,362,547.99
amaru.audit-threshold,363,544.821
amaru.audit-threshold,364,481.322
amaru.audit-threshold,365,489.629
amaru.audit-threshold,366,464.856
amaru.audit-threshold,367,553.628
amaru.audit-threshold,368,451.865
amaru.audit-threshold,369,494.619
amaru.audit-threshold,370,423.339
amaru.audit-threshold,371,466.74
amaru.audit-threshold,372,419.212
amaru.audit-threshold,373,451.165
amaru.audit-threshold,374,416.993
amaru.audit-threshold,375,451.675
amaru.audit-threshold,376,783.044
amaru.audit-threshold,377,677.907
amaru.audit-threshold,378,635.213
amaru.audit-threshold,379,650.975
amaru.audit-threshold,380,597.983
amaru.audit-threshold,381,704.03
amaru.audit-threshold,382,655.492
amaru.audit-threshold,383,597.958
amaru.audit-threshold,384,625.01
amaru.audit-threshold,385,638.569
amaru.audit-threshold,386,597.784
amaru.audit-threshold,387,737.2
amaru.audit-threshold,388,624.516
amaru.audit-threshold,389,640.292
amaru.audit-threshold,390,591.467
amaru.audit-threshold,391,615.625
amaru.audit-threshold,392,631.089
amaru.audit-threshold,393,684.344
amaru.audit-threshold,394,622.881
amaru.audit-threshold,395,621.831
amaru.audit-threshold,396,625.535
amaru.audit-threshold,397,646.39
amaru.audit-threshold,398,613.355
amaru.audit-threshold,399,706.819
amaru.audit-threshold,400,607.25
amaru.audit-threshold,401,643.349
amaru.audit-threshold,402,594.252
amaru.audit-threshold,403,603.11
amaru.audit-threshold,404,638.028
amaru.audit-threshold,405,739.906
amaru.audit-threshold,406,616.639
amaru.audit-threshold,407,634.347
amaru.audit-threshold,408,595.075
amaru.audit-threshold,409,715.681
amaru.audit-threshold,410,733.023
amaru.audit-threshold,411,632.882
amaru.audit-threshold,412,580.394
amaru.audit-threshold,413,623.918
amaru.audit-threshold,414,580.268
amaru.audit-threshold,415,603.029
amaru.audit-threshold,416,717.199
amaru.audit-threshold,417,644.706
amaru.audit-threshold,418,610.733
amaru.audit-threshold,419,653.155
amaru.audit-threshold,420,629.789
amaru.audit-threshold,421,594.673
amaru.audit-threshold,422,666.807
amaru.audit-threshold,423,624.129
amaru.audit-threshold,424,597.937
amaru.audit-threshold,425,682.166
amaru.audit-threshold,426,640.122
amaru.audit-threshold,427,607.296
amaru.audit-threshold,428,778.331
amaru.audit-threshold,429,639.671
amaru.audit-threshold,430,652.689
amaru.audit-threshold,431,768.35
amaru.audit-threshold,432,641.926
amaru.audit-threshold,433,654.629
amaru.audit-threshold,434,714.93
amaru.audit-threshold,435,642.431
amaru.audit-threshold,436,641.592
amaru.audit-threshold,437,610.064
amaru.audit-threshold,438,637.093
amaru.audit-threshold,439,698.24
amaru.audit-threshold,440,648.838
amaru.audit-threshold,441,585.26
amaru.audit-threshold,442,621.318
amaru.audit-threshold,443,609.116
amaru.audit-threshold,444,608.79
amaru.audit-threshold,445,688.256
amaru.audit-threshold,446,632.947
amaru.audit-threshold,447,594.358
amaru.audit-threshold,448,626.224
amaru.audit-threshold,449,586.359
amaru.audit-threshold,450,590.732
amaru.audit-threshold,451,704.939
amaru.audit-threshold,452,660.468
amaru.audit-threshold,453,587.708
amaru.audit-threshold,454,627.934
amaru.audit-threshold,455,616.013
amaru.audit-threshold,456,597.449
amaru.audit-threshold,457,662.127
amaru.audit-threshold,458,633.806
amaru.audit-threshold,459,630.867
amaru.audit-threshold,460,835.299
amaru.audit-threshold,461,606.16
amaru.audit-threshold,462,596.055
amaru.audit-threshold,463,752.537
amaru.audit-threshold,464,628.52
amaru.audit-threshold,465,596.489
amaru.audit-threshold,466,597.325
amaru.audit-threshold,467,637.763
amaru.audit-threshold,468,581.091
amaru.audit-threshold,469,704.076
amaru.audit-threshold,470,616.77
amaru.audit-threshold,471,617.831
amaru.audit-threshold,472,608.954
amaru.audit-threshold,473,607.596
amaru.audit-threshold,474,592.441
amaru.audit-threshold,475,707.568
amaru.audit-threshold,476,683.967
amaru.audit-threshold,477,616.015
amaru.audit-threshold,478,585.041
amaru.audit-threshold,479,632.042
amaru.audit-threshold,480,605.626
amaru.audit-threshold,481,709.97
amaru.audit-threshold,482,622.825
amaru.audit-threshold,483,634.979
amaru.audit-threshold,484,598.576
amaru.audit-threshold,485,644.737
amaru.audit-threshold,486,640.673
amaru.audit-threshold,487,627.969
amaru.audit-threshold,488,655.028
amaru.audit-threshold,489,626.589
amaru.audit-threshold,490,589.035
amaru.audit-threshold,491,625.437
amaru.audit-threshold,492,667.919
amaru.audit-threshold,493,701.653
amaru.audit-threshold,494,609.524
amaru.audit-threshold,495,614.27
amaru.audit-threshold,496,585.842
amaru.audit-threshold,497,595.341
amaru.audit-threshold,498,618.423
amaru.audit-threshold,499,689.349
amaru.audit-threshold,500,644.259
amaru.audit-threshold,501,632.146
amaru.audit-threshold,502,605.369
amaru.audit-threshold,503,636.95
amaru.audit-threshold,504,633.202
amaru.audit-threshold,505,668.512
amaru.audit-threshold,506,670.414
amaru.audit-threshold,507,663.076
amaru.audit-threshold,508,596.007
amaru.audit-threshold,509,626.341
amaru.audit-threshold,510,694.707
amaru.audit-threshold,511,740.414
amaru.audit-threshold,512,620.673
amaru.audit-threshold,513,630.096
amaru.audit-threshold,514,640.02
amaru.audit-threshold,515,673.793
amaru.audit-threshold,516,754.037
amaru.audit-threshold,517,668.284
amaru.audit-threshold,518,625.181
amaru.audit-threshold,519,599.497
amaru.audit-threshold,520,627.753
amaru.audit-threshold,521,593.825
amaru.audit-threshold,522,683.741
amaru.audit-threshold,523,628.955
amaru.audit-threshold,524,633.089
amaru.audit-threshold,525,613.905
amaru.audit-threshold,526,634.059
amaru.audit-threshold,527,628.696
amaru.audit-threshold,528,731.649
amaru.audit-threshold,529,624.674
amaru.audit-threshold,530,629.717
amaru.audit-threshold,531,593.651
amaru.audit-threshold,532,621.842
amaru.audit-threshold,533,619.749
amaru.audit-threshold,534,701.637
amaru.audit-threshold,535,603.857
amaru.audit-threshold,536,629.04
amaru.audit-threshold,537,589.598
amaru.audit-threshold,538,614.121
amaru.audit-threshold,539,618.844
amaru.audit-threshold,540,673.146
amaru.audit-threshold,541,596.641
amaru.audit-threshold,542,617.666
amaru.audit-threshold,543,608.454
amaru.audit-threshold,544,617.947
amaru.audit-threshold,545,609.304
amaru.audit-threshold,546,675.774
amaru.audit-threshold,547,605.921
amaru.audit-threshold,548,613.196
amaru.audit-threshold,549,598.561
amaru.audit-threshold,550,649.068
amaru.audit-threshold,551,629.465
amaru.audit-threshold,552,662.293
amaru.audit-threshold,553,616.761
amaru.audit-threshold,554,614.953
amaru.audit-threshold,555,580.25
amaru.audit-threshold,556,637.228
amaru.audit-threshold,557,591.986
amaru.audit-threshold,558,672.777
amaru.audit-threshold,559,599.801
amaru.audit-threshold,560,583.219
amaru.audit-threshold,561,599.461
amaru.audit-threshold,562,811.579
amaru.audit-threshold,563,614.249
amaru.audit-threshold,564,674.574
amaru.audit-threshold,565,635.86
amaru.audit-threshold,566,673.072
amaru.audit-threshold,567,582.265
amaru.audit-threshold,568,626.835
amaru.audit-threshold,569,613.407
amaru.audit-threshold,570,706.628
amaru.audit-threshold,571,629.052
amaru.audit-threshold,572,620.339
amaru.audit-threshold,573,577.302
amaru.audit-threshold,574,629.866
amaru.audit-threshold,575,592.843
amaru.audit-threshold,576,721.599
amaru.audit-threshold,577,622.22
amaru.audit-threshold,578,647.978
amaru.audit-threshold,579,592.732
amaru.audit-threshold,580,610.664
amaru.audit-threshold,581,618.953
amaru.audit-threshold,582,692.13
amaru.audit-threshold,583,607.591
amaru.audit-threshold,584,637.084
amaru.audit-threshold,585,604.851
amaru.audit-threshold,586,624.83
amaru.audit-threshold,587,616.867
amaru.audit-threshold,588,610.733
amaru.audit-threshold,589,612.8
amaru.audit-threshold,590,609.042
amaru.audit-threshold,591,592.972
amaru.audit-threshold,592,643.192
amaru.audit-threshold,593,602.32
amaru.audit-threshold,594,682.81
amaru.audit-threshold,595,658.262
amaru.audit-threshold,596,628.906
amaru.audit-threshold,597,576.454
amaru.audit-threshold,598,639.448
amaru.audit-threshold,599,742.44
amaru.audit-threshold,600,598.108
amaru.audit-threshold,601,597.835
amaru.audit-threshold,602,631.218
amaru.audit-threshold,603,580.476
amaru.audit-threshold,604,734.108
amaru.audit-threshold,605,869.391
amaru.audit-threshold,606,798.99
amaru.audit-threshold,607,840.571
amaru.audit-threshold,608,812.405
amaru.audit-threshold,609,830.189
amaru.audit-threshold,610,911.693
amaru.audit-threshold,611,661.484
amaru.audit-threshold,612,635.989
amaru.audit-threshold,613,1046.371
amaru.audit-threshold,614,825.03
amaru.audit-threshold,615,652.208
amaru.audit-threshold,616,600.908
amaru.audit-threshold,617,638.89
amaru.audit-threshold,618,631.572
amaru.audit-threshold,619,611.499
amaru.audit-threshold,620,673.569
amaru.audit-threshold,621,622.204
amaru.audit-threshold,622,591.507
amaru.audit-threshold,623,614.666
amaru.audit-threshold,624,643.434
amaru.audit-threshold,625,605.733
amaru.audit-threshold,626,681.244
amaru.audit-threshold,627,639.385
amaru.audit-threshold,628,596.912
amaru.audit-threshold,629,619.832
amaru.audit-threshold,630,639.922
amaru.audit-threshold,631,597.575
amaru.audit-threshold,632,721.44
amaru.audit-threshold,633,629.167
amaru.audit-threshold,634,610.526
amaru.audit-threshold,635,673.785
amaru.audit-threshold,636,640.323
amaru.audit-threshold,637,582.238
amaru.audit-threshold,638,747.45
amaru.audit-threshold,639,674.432
amaru.audit-threshold,640,614.621
amaru.audit-threshold,641,600.552
amaru.audit-threshold,642,629.242
amaru.audit-threshold,643,597.33
amaru.audit-threshold,644,679.471
amaru.audit-threshold,645,619.83
amaru.audit-threshold,646,585.552
amaru.audit-threshold,647,617.94
amaru.audit-threshold,648,623.498
amaru.audit-threshold,649,621.521
amaru.audit-threshold,650,725.08
amaru.audit-threshold,651,595.043
amaru.audit-threshold,652,588.68
amaru.audit-threshold,653,608.108
amaru.audit-threshold,654,621.111
amaru.audit-threshold,655,596.32
amaru.audit-threshold,656,725.986
amaru.audit-threshold,657,631.966
amaru.audit-threshold,658,602.73
amaru.audit-threshold,659,600.389
amaru.audit-threshold,660,617.134
amaru.audit-threshold,661,575.702
amaru.audit-threshold,662,692.614
amaru.audit-threshold,663,662.444
amaru.audit-threshold,664,828.266
amaru.audit-threshold,665,572.209
amaru.audit-threshold,666,628.699
amaru.audit-threshold,667,605.727
amaru.audit-threshold,668,671.547
amaru.audit-threshold,669,656.535
amaru.audit-threshold,670,603.792
amaru.audit-threshold,671,590.176
amaru.audit-threshold,672,634.516
amaru.audit-threshold,673,624.556
amaru.audit-threshold,674,848.261
amaru.audit-threshold,675,671.077
amaru.audit-threshold,676,624.508
amaru.audit-threshold,677,617.784
amaru.audit-threshold,678,599.387
amaru.audit-threshold,679,674.903
amaru.audit-threshold,680,650.481
amaru.audit-threshold,681,615.234
amaru.audit-threshold,682,636.176
amaru.audit-threshold,683,613.057
amaru.audit-threshold,684,588.255
amaru.audit-threshold,685,664.94
amaru.audit-threshold,686,631.126
amaru.audit-threshold,687,597.037
amaru.audit-threshold,688,630.882
amaru.audit-threshold,689,627.138
amaru.audit-threshold,690,599.27
amaru.audit-threshold,691,680.447
amaru.audit-threshold,692,610.387
amaru.audit-threshold,693,591.703
amaru.audit-threshold,694,610.251
amaru.audit-threshold,695,627.973
amaru.audit-threshold,696,609.644
amaru.audit-threshold,697,681.041
amaru.audit-threshold,698,618.935
amaru.audit-threshold,699,615.633
amaru.audit-threshold,700,608.71
amaru.audit-threshold,701,583.855
amaru.audit-threshold,702,587.339
amaru.audit-threshold,703,707.153
amaru.audit-threshold,704,628.274
amaru.audit-threshold,705,601.958
amaru.audit-threshold,706,617.426
amaru.audit-threshold,707,589.345
amaru.audit-threshold,708,601.571
amaru.audit-threshold,709,710.35
amaru.audit-threshold,710,649.4
amaru.audit-threshold,711,608.893
amaru.audit-threshold,712,622.43
amaru.audit-threshold,713,664.355
amaru.audit-threshold,714,592.222
amaru.audit-threshold,715,1163.864
amaru.audit-threshold,716,707.232
amaru.audit-threshold,717,690.601
amaru.audit-threshold,718,664.88
amaru.audit-threshold,719,629.407
amaru.audit-threshold,720,697.322
amaru.audit-threshold,721,648.022
amaru.audit-threshold,722,620.401
amaru.audit-threshold,723,632.003
amaru.audit-threshold,724,630.632
amaru.audit-threshold,725,588.278
amaru.audit-threshold,726,692.737
amaru.audit-threshold,727,639.792
amaru.audit-threshold,728,608.2
amaru.audit-threshold,729,621.514
amaru.audit-threshold,730,631.067
amaru.audit-threshold,731,580.872
amaru.audit-threshold,732,695.913
amaru.audit-threshold,733,630.765
amaru.audit-threshold,734,592.918
amaru.audit-threshold,735,641.663
amaru.audit-threshold,736,643.192
amaru.audit-threshold,737,593.621
amaru.audit-threshold,738,706.695
amaru.audit-threshold,739,639.002
amaru.audit-threshold,740,607.911
amaru.audit-threshold,741,633.289
amaru.audit-threshold,742,633.514
amaru.audit-threshold,743,587.14
amaru.audit-threshold,744,720.76
amaru.audit-threshold,745,635.719
amaru.audit-threshold,746,641.949
amaru.audit-threshold,747,611.507
amaru.audit-threshold,748,637.235
amaru.audit-threshold,749,591.664
amaru.audit-threshold,750,695.932
amaru.audit-threshold,751,612.067
amaru.audit-threshold,752,621.9
amaru.audit-threshold,753,612.086
amaru.audit-threshold,754,660.691
amaru.audit-threshold,755,634.55
amaru.audit-threshold,756,656.609
amaru.audit-threshold,757,630.43
amaru.audit-threshold,758,635.946
amaru.audit-threshold,759,606.459
amaru.audit-threshold,760,625.979
amaru.audit-threshold,761,628.715
amaru.audit-threshold,762,698.137
amaru.audit-threshold,763,618.433
amaru.audit-threshold,764,623.638
amaru.audit-threshold,765,623.7
amaru.audit-threshold,766,853.49
amaru.audit-threshold,767,765.799
amaru.audit-threshold,768,628.963
amaru.audit-threshold,769,603.186
amaru.audit-threshold,770,617.387
amaru.audit-threshold,771,620.045
amaru.audit-threshold,772,592.835
amaru.audit-threshold,773,706.162
amaru.audit-threshold,774,644.452
amaru.audit-threshold,775,592.687
amaru.audit-threshold,776,626.868
amaru.audit-threshold,777,617.847
amaru.audit-threshold,778,588.642
amaru.audit-threshold,779,678.742
amaru.audit-threshold,780,655.203
amaru.audit-threshold,781,601.72
amaru.audit-threshold,782,626.005
amaru.audit-threshold,783,641.25
amaru.audit-threshold,784,579.726
amaru.audit-threshold,785,736.245
amaru.audit-threshold,786,656.238
amaru.audit-threshold,787,569.181
amaru.audit-threshold,788,648.075
amaru.audit-threshold,789,613.304
amaru.audit-threshold,790,583.345
amaru.audit-threshold,791,690.019
amaru.audit-threshold,792,655.598
amaru.audit-threshold,793,604.337
amaru.audit-threshold,794,680.488
amaru.audit-threshold,795,624.498
amaru.audit-threshold,796,585.928
amaru.audit-threshold,797,736.859
amaru.audit-threshold,798,621.884
amaru.audit-threshold,799,611.96
amaru.audit-threshold,800,592.439
amaru.audit-threshold,801,624.921
amaru.audit-threshold,802,593.153
amaru.audit-threshold,803,694.935
amaru.audit-threshold,804,607.725
amaru.audit-threshold,805,604.009
amaru.audit-threshold,806,663.547
amaru.audit-threshold,807,641.03
amaru.audit-threshold,808,600.347
amaru.audit-threshold,809,645.248
amaru.audit-threshold,810,635.213
amaru.audit-threshold,811,599.056
amaru.audit-threshold,812,592.05
amaru.audit-threshold,813,619.17
amaru.audit-threshold,814,609.441
amaru.audit-threshold,815,716.956
amaru.audit-threshold,816,638.361
amaru.audit-threshold,817,841.212
amaru.audit-threshold,818,576.395
amaru.audit-threshold,819,652.35
amaru.audit-threshold,820,620.27
amaru.audit-threshold,821,624.855
amaru.audit-threshold,822,591.403
amaru.audit-threshold,823,632.443
amaru.audit-threshold,824,579.106
amaru.audit-threshold,825,647.788
amaru.audit-threshold,826,716.015
amaru.audit-threshold,827,628.73
amaru.audit-threshold,828,576.435
amaru.audit-threshold,829,621.733
amaru.audit-threshold,830,579.762
amaru.audit-threshold,831,608.441
amaru.audit-threshold,832,618.685
amaru.audit-threshold,833,679.869
amaru.audit-threshold,834,661.191
amaru.audit-threshold,835,621.766
amaru.audit-threshold,836,606.465
amaru.audit-threshold,837,587.635
amaru.audit-threshold,838,684.319
amaru.audit-threshold,839,644.792
amaru.audit-threshold,840,613.76
amaru.audit-threshold,841,615.99
amaru.audit-threshold,842,607.029
amaru.audit-threshold,843,589.596
amaru.audit-threshold,844,699.479
amaru.audit-threshold,845,616.56
amaru.audit-threshold,846,607.313
amaru.audit-threshold,847,628.364
amaru.audit-threshold,848,593.688
amaru.audit-threshold,849,586.247
amaru.audit-threshold,850,760.925
amaru.audit-threshold,851,622.864
amaru.audit-threshold,852,573.822
amaru.audit-threshold,853,631.174
amaru.audit-threshold,854,624.389
amaru.audit-threshold,855,594.082
amaru.audit-threshold,856,690.122
amaru.audit-threshold,857,646.468
amaru.audit-threshold,858,606.311
amaru.audit-threshold,859,623.122
amaru.audit-threshold,860,683.439
amaru.audit-threshold,861,606.648
amaru.audit-threshold,862,685.66
amaru.audit-threshold,863,647.517
amaru.audit-threshold,864,613.263
amaru.audit-threshold,865,646.936
amaru.audit-threshold,866,613.119
amaru.audit-threshold,867,604.293
amaru.audit-threshold,868,786.977
amaru.audit-threshold,869,648.737
amaru.audit-threshold,870,611.744
amaru.audit-threshold,871,604.931
amaru.audit-threshold,872,622.464
amaru.audit-threshold,873,584.704
amaru.audit-threshold,874,766.92
amaru.audit-threshold,875,626.261
amaru.audit-threshold,876,629.117
amaru.audit-threshold,877,590.263
amaru.audit-threshold,878,615.069
amaru.audit-threshold,879,637.09
amaru.audit-threshold,880,715.498
amaru.audit-threshold,881,614.064
amaru.audit-threshold,882,620.869
amaru.audit-threshold,883,596.421
amaru.audit-threshold,884,616.736
amaru.audit-threshold,885,577.18
amaru.audit-threshold,886,699.103
amaru.audit-threshold,887,660.315
amaru.audit-threshold,888,629.646
amaru.audit-threshold,889,607.568
amaru.audit-threshold,890,626.782
amaru.audit-threshold,891,627.521
amaru.audit-threshold,892,633.991
amaru.audit-threshold,893,631.052
amaru.audit-threshold,894,629.861
amaru.audit-threshold,895,596.823
amaru.audit-threshold,896,622.719
amaru.audit-threshold,897,617.837
amaru.audit-threshold,898,652.659
amaru.audit-threshold,899,655.55
amaru.audit-threshold,900,621.891
amaru.audit-threshold,901,589.731
amaru.audit-threshold,902,629.605
amaru.audit-threshold,903,622.893
amaru.audit-threshold,904,639.212
amaru.audit-threshold,905,606.193
amaru.audit-threshold,906,579.856
amaru.audit-threshold,907,608.9
amaru.audit-threshold,908,620.576
amaru.audit-threshold,909,591.242
amaru.audit-threshold,910,699.176
amaru.audit-threshold,911,610.529
amaru.audit-threshold,912,592.96
amaru.audit-threshold,913,582.018
amaru.audit-threshold,914,604.692
amaru.audit-threshold,915,594.091
amaru.audit-threshold,916,800.512
amaru.audit-threshold,917,614.417
amaru.audit-threshold,918,633.617
amaru.audit-threshold,919,812.427
amaru.audit-threshold,920,629.994
amaru.audit-threshold,921,630.115
amaru.audit-threshold,922,629.555
amaru.audit-threshold,923,592.724
amaru.audit-threshold,924,625.824
amaru.audit-threshold,925,575.98
amaru.audit-threshold,926,604.593
amaru.audit-threshold,927,604.439
amaru.audit-threshold,928,696.077
amaru.audit-threshold,929,620.938
amaru.audit-threshold,930,619.995
amaru.audit-threshold,931,573.322
amaru.audit-threshold,932,598.481
amaru.audit-threshold,933,609.371
amaru.audit-threshold,934,693.532
amaru.audit-threshold,935,647.407
amaru.audit-threshold,936,636.397
amaru.audit-threshold,937,580.769
amaru.audit-threshold,938,616.205
amaru.audit-threshold,939,616.715
amaru.audit-threshold,940,681.789
amaru.audit-threshold,941,635.806
amaru.audit-threshold,942,631.735
amaru.audit-threshold,943,580.835
amaru.audit-threshold,944,615.157
amaru.audit-threshold,945,630.124
amaru.audit-threshold,946,767.122
amaru.audit-threshold,947,584.656
amaru.audit-threshold,948,645.39
amaru.audit-threshold,949,598.339
amaru.audit-threshold,950,619.325
amaru.audit-threshold,951,691.926
amaru.audit-threshold,952,665.141
amaru.audit-threshold,953,581.652
amaru.audit-threshold,954,627.758
amaru.audit-threshold,955,602.995
amaru.audit-threshold,956,590.838
amaru.audit-threshold,957,833.272
amaru.audit-threshold,958,618.835
amaru.audit-threshold,959,564.909
amaru.audit-threshold,960,636.507
amaru.audit-threshold,961,625.319
amaru.audit-threshold,962,587.835
amaru.audit-threshold,963,686.382
amaru.audit-threshold,964,607.094
amaru.audit-threshold,965,577.635
amaru.audit-threshold,966,602.598
amaru.audit-threshold,967,582.112
amaru.audit-threshold,968,601.199
amaru.audit-threshold,969,687.821
amaru.audit-threshold,970,767.221
amaru.audit-threshold,971,559.969
amaru.audit-threshold,972,608.245
amaru.audit-threshold,973,628.851
amaru.audit-threshold,974,605.983
amaru.audit-threshold,975,658.727
amaru.audit-threshold,976,610.508
amaru.audit-threshold,977,597.211
amaru.audit-threshold,978,606.575
amaru.audit-threshold,979,572.275
amaru.audit-threshold,980,582.023
amaru.audit-threshold,981,610.282
amaru.audit-threshold,982,679.819
amaru.audit-threshold,983,588.523
amaru.audit-threshold,984,623.869
amaru.audit-threshold,985,585.638
amaru.audit-threshold,986,610.259
amaru.audit-threshold,987,718.097
amaru.audit-threshold,988,640.74
amaru.audit-threshold,989,596.971
amaru.audit-threshold,990,622.141
amaru.audit-threshold,991,660.789
amaru.audit-threshold,992,589.247
amaru.audit-threshold,993,706.975
amaru.audit-threshold,994,633.836
amaru.audit-threshold,995,609.714
amaru.audit-threshold,996,622.606
amaru.audit-threshold,997,608.473
amaru.audit-threshold,998,591.788
amaru.audit-threshold,999,694.752
